<?xml version="1.0" encoding="UTF-8"?>
<beans xmlns="http://www.springframework.org/schema/beans"
	xmlns:xsi="http://www.w3.org/2001/XMLSchema-instance" xmlns:aop="http://www.springframework.org/schema/aop"
	xmlns:context="http://www.springframework.org/schema/context" xmlns:tx="http://www.springframework.org/schema/tx"
	xsi:schemaLocation="http://www.springframework.org/schema/beans http://www.springframework.org/schema/beans/spring-beans-3.2.xsd
		http://www.springframework.org/schema/aop http://www.springframework.org/schema/aop/spring-aop-3.2.xsd
		http://www.springframework.org/schema/context http://www.springframework.org/schema/context/spring-context-3.2.xsd
		http://www.springframework.org/schema/tx http://www.springframework.org/schema/tx/spring-tx-3.2.xsd">

	<!-- Spring管理Struts2的Action -->
	<bean name="registerAction" class="com.fcq.schedule.job.action.RegisterAction"
		scope="prototype">
		<property name="userManager" ref="userManager"></property>
	</bean>

	<bean name="loginAction" class="com.fcq.schedule.job.action.LoginAction"
		scope="prototype">
		<property name="userManager" ref="userManager"></property>
		<property name="goodsManager" ref="goodsManager"></property>
	</bean>

	<bean name="userMainAction" class="com.opensymphony.xwork2.ActionSupport"
		scope="prototype"></bean>

	<!--用户业务逻辑类 -->
	<bean name="userManager" class="com.fcq.schedule.job.service.impl.UserManagerImpl">
		<property name="userDao" ref="baseDao"></property>
	</bean>
	<bean id="baseDao" class="com.fcq.schedule.job.dao.impl.UserDao">
		<property name="hibernateTemplate" ref="hibernateTemplate" />
	</bean>

<!--   商品信息修改 逻辑类    -->
	<bean name="getGoodsAction" class="com.fcq.schedule.job.action.GetGoodsAction"
		scope="prototype">
		<property name="goodsManager" ref="goodsManager"></property>
	</bean>
	<bean name="modifyGoodsAction" class="com.fcq.schedule.job.action.ModifyGoodsAction"
		scope="prototype">
		<property name="goodsManager" ref="goodsManager"></property>
	</bean>
	<bean name="goodsManager" class="com.fcq.schedule.job.service.impl.GoodsManagerImpl">
		<property name="goodsDao" ref="goodsDao"></property>
	</bean>
	<bean id="goodsDao" class="com.fcq.schedule.job.dao.impl.GoodsDaoImpl">
		<property name="hibernateTemplate" ref="hibernateTemplate" />
	</bean>


</beans>
