<?xml version="1.0" encoding="UTF-8" ?>
<!DOCTYPE struts PUBLIC
    "-//Apache Software Foundation//DTD Struts Configuration 2.0//EN"
    "http://struts.apache.org/dtds/struts-2.0.dtd">
<struts>
	<!-- 与spring集成的写法，action等交予spring管理 -->
	<package name="registerAction" namespace="/" extends="struts-default">
		<action name="register" class="registerAction">
		    <result name="success" type="redirectAction">userMain</result>
			<!-- <result name="success" type="redirect">userMain</result> -->
			<result name="error">/register_fail.jsp</result>
		</action>
		<!-- 该action只负责跳转，用struts提供的ActionSupport -->
		<action name="userMain" class="userMainAction">
			<result name="success">/register_success.jsp</result>
			<!-- <interceptor-ref name="myInterceptor" />  -->
		</action>
	</package>
	<package name="loginAction" namespace="/" extends="struts-default" >
        <action name="login" class="loginAction">
            <result name="success" type="redirect">/main.jsp</result>
            <result name="error">/login.html</result>
        </action>
    </package>
	
<!--   商品信息  逻辑类    -->
	<package name="getGoodsAction" namespace="/" extends="struts-default" >
        <action name="getGoods" class="getGoodsAction">
            <result name="success" type="redirect">/edit_project.jsp</result>
            <result name="error">/login.html</result>
        </action>
    </package>
	<package name="modifyGoodsAction" namespace="/" extends="struts-default" >
        <action name="modifyGoods" class="modifyGoodsAction">
            <result name="success" type="redirect">/main.jsp</result>
            <result name="error">/login.html</result>
        </action>
    </package>
</struts>