<?xml version="1.0" encoding="UTF-8"?>
<beans xmlns="http://www.springframework.org/schema/beans"
	xmlns:xsi="http://www.w3.org/2001/XMLSchema-instance"
	xmlns:aop="http://www.springframework.org/schema/aop"
	xmlns:context="http://www.springframework.org/schema/context"
	xmlns:tx="http://www.springframework.org/schema/tx"
	xsi:schemaLocation="http://www.springframework.org/schema/beans http://www.springframework.org/schema/beans/spring-beans-3.2.xsd
		http://www.springframework.org/schema/aop http://www.springframework.org/schema/aop/spring-aop-3.2.xsd
		http://www.springframework.org/schema/context http://www.springframework.org/schema/context/spring-context-3.2.xsd
		http://www.springframework.org/schema/tx http://www.springframework.org/schema/tx/spring-tx-3.2.xsd">

	<!-- 启用spring注解支持 -->
	<context:annotation-config />
	<!-- 启动Spring自动扫描功能 -->
	<context:component-scan
		base-package="com.fcq.schedule.job" />
	<!--配数据源 -->
	<bean id="dataSource"
		class="org.springframework.jdbc.datasource.DriverManagerDataSource">
		<property name="driverClassName"
			value="com.mysql.jdbc.Driver" />
		<property name="url"
			value="jdbc:mysql://localhost:3306/jobScheduling?characterEncoding=utf8&amp;serverTimezone=UTC" />
		<property name="username" value="root" />
		<property name="password" value="123" />
		
		<!-- <property name="maxPoolSize" value="80" /> <property name="minPoolSize" 
			value="1" /> <property name="initialPoolSize" value="1" /> <property name="maxIdleTime" 
			value="20" /> -->
	</bean>

	<!--定义Hibernate的SessionFactory -->
	<!-- SessionFactory使用的数据源为上面的数据源 -->
	<!-- 指定了Hibernate的映射文件和配置信息 -->
	<bean id="sessionFactory"
		class="org.springframework.orm.hibernate4.LocalSessionFactoryBean">
		<property name="dataSource" ref="dataSource" />
		<property name="hibernateProperties">
			<props>
				<prop key="hibernate.dialect">org.hibernate.dialect.MySQLDialect</prop>
				<prop key="show_sql">true</prop>
				<prop key="hibernate.jdbc.batch_size">20</prop>
				<!-- 自动创建数据表 -->
				<prop key="hibernate.hbm2ddl.auto">update</prop>
			</props>
		</property>
		<!-- 使用配置文件 -->
		<property name="mappingLocations">
			<list>
				<value>classpath:com/fcq/schedule/job/po/*.hbm.xml</value>
			</list>
		</property>
		<!-- Spring自动加载annotatedClass -->
		<!-- <property name="annotatedClasses"> <list> <value>com.jialin.entity.User</value> 
			</list> </property> -->

	</bean>

	<bean id="hibernateTemplate"
		class="org.springframework.orm.hibernate4.HibernateTemplate">
		<property name="sessionFactory" ref="sessionFactory"></property>
	</bean>

	<!-- 配置事务管理器 （声明式的事务） -->
	<bean id="transactionManager"
		class="org.springframework.orm.hibernate4.HibernateTransactionManager">
		<property name="sessionFactory" ref="sessionFactory" />
	</bean>

	<!-- 配置事务通知属性 -->
	<tx:advice id="txadvice"
		transaction-manager="transactionManager">
		<!-- 定义事务传播属性 -->
		<tx:attributes>
			<!-- <tx:method name="add*" propagation="REQUIRED" /> <tx:method name="delete*" 
				propagation="REQUIRED" /> <tx:method name="modify*" propagation="REQUIRED" 
				/> hibernate4必须配置为开启事务 否则 getCurrentSession()获取不到 <tx:method name="*" propagation="REQUIRED" 
				read-only="true" /> -->
			<tx:method name="get*" read-only="false"
				propagation="REQUIRED" />
			<tx:method name="find*" read-only="false"
				propagation="REQUIRED" />
			<tx:method name="save*" read-only="false"
				propagation="REQUIRED" />
			<tx:method name="reg*" read-only="false"
				propagation="REQUIRED" />
			<tx:method name="modify*" read-only="false"
				propagation="REQUIRED" />
			<tx:method name="remove*" read-only="false"
				propagation="REQUIRED" />
			<tx:method name="*" propagation="REQUIRED" read-only="true" />
		</tx:attributes>
	</tx:advice>


	<!-- 配置事务切面；那些类那些方法使用事务 -->
	<aop:config>
		<!-- 只对业务逻辑层实施事务 -->
		<aop:pointcut id="allManagerMethod"
			expression="execution(* com.fcq.schedule.job.service..*.*(..))" />
		<aop:advisor pointcut-ref="allManagerMethod"
			advice-ref="txadvice" />
	</aop:config>


</beans>
