<?xml version="1.0" encoding="UTF-8"?>
<!DOCTYPE hibernate-mapping PUBLIC  
                            "-//Hibernate/Hibernate Mapping DTD 3.0//EN"  
                            "http://hibernate.sourceforge.net/hibernate-mapping-3.0.dtd" >

<hibernate-mapping package="com.fcq.schedule.job.po">
	<!-- name指定POJO类，table指定对应数据库的表 -->
	<class name="com.fcq.schedule.job.po.Goods" table="goods">
		<!-- name指定主键，type主键类型 -->
		<id name="goodsNum" type="java.lang.String">
			<column name="goodsNum" length="12" />
		</id>
		<property name="goodsName" type="java.lang.String">
			<column name="goodsName" not-null="true" length="12" />
		</property>
		<property name="goodsPrice" type="java.lang.String">
			<column name="goodsPrice" length="12"></column>
		</property>
		<property name="goodsStock" type="java.lang.String">
			<column name="goodsStock" length="12"></column>
		</property>
	</class>
</hibernate-mapping> 