<?xml version="1.0" encoding="UTF-8"?>
<!DOCTYPE hibernate-mapping PUBLIC  
                            "-//Hibernate/Hibernate Mapping DTD 3.0//EN"  
                            "http://hibernate.sourceforge.net/hibernate-mapping-3.0.dtd" >

<hibernate-mapping package="com.fcq.schedule.job.po">
	<!-- name指定POJO类，table指定对应数据库的表 -->
	<class name="com.fcq.schedule.job.po.User" table="user">
		<!-- name指定主键，type主键类型 -->
		<id name="userId" type="java.lang.Integer">
			<column name="userId" length="12" />
			<generator class="increment" />
			<!-- <generator class="assigned"/> -->
		</id>
		<property name="username" type="java.lang.String">
			<column name="username" not-null="true" length="18" />
		</property>
		<property name="email" type="java.lang.String">
			<column name="email" not-null="true" length="20" />
		</property>
		<property name="password" type="java.lang.String">
			<column name="password" not-null="true" length="20" />
		</property>
	</class>
</hibernate-mapping> 